{
  "Sheet1": [
    {
      "LONC": "24",
      "LATC": "55",
      "CITY": "Kowno",
      "LONT": "37.6",
      "TEMP": "0",
      "DAYS": "6",
      "MON": "Oct",
      "DAY": "18",
      "LONP": "24",
      "LATP": "54.9",
      "SURV": "340000",
      "DIR": "A",
      "DIV": "1"
    },
    {
      "LONC": "25.3",
      "LATC": "54.7",
      "CITY": "Wilna",
      "LONT": "36",
      "TEMP": "0",
      "DAYS": "6",
      "MON": "Oct",
      "DAY": "24",
      "LONP": "24.5",
      "LATP": "55",
      "SURV": "340000",
      "DIR": "A",
      "DIV": "1"
    },
    {
      "LONC": "26.4",
      "LATC": "54.4",
      "CITY": "Smorgoni",
      "LONT": "33.2",
      "TEMP": "-9",
      "DAYS": "16",
      "MON": "Nov",
      "DAY": "9",
      "LONP": "25.5",
      "LATP": "54.5",
      "SURV": "340000",
      "DIR": "A",
      "DIV": "1"
    },
    {
      "LONC": "26.8",
      "LATC": "54.3",
      "CITY": "Molodexno",
      "LONT": "32",
      "TEMP": "-21",
      "DAYS": "5",
      "MON": "Nov",
      "DAY": "14",
      "LONP": "26",
      "LATP": "54.7",
      "SURV": "320000",
      "DIR": "A",
      "DIV": "1"
    },
    {
      "LONC": "27.7",
      "LATC": "55.2",
      "CITY": "Gloubokoe",
      "LONT": "29.2",
      "TEMP": "-11",
      "DAYS": "10",
      "LONP": "27",
      "LATP": "54.8",
      "SURV": "300000",
      "DIR": "A",
      "DIV": "1"
    },
    {
      "LONC": "27.6",
      "LATC": "53.9",
      "CITY": "Minsk",
      "LONT": "28.5",
      "TEMP": "-20",
      "DAYS": "4",
      "MON": "Nov",
      "DAY": "28",
      "LONP": "28",
      "LATP": "54.9",
      "SURV": "280000",
      "DIR": "A",
      "DIV": "1"
    },
    {
      "LONC": "28.5",
      "LATC": "54.3",
      "CITY": "Studienska",
      "LONT": "27.2",
      "TEMP": "-24",
      "DAYS": "3",
      "MON": "Dec",
      "DAY": "1",
      "LONP": "28.5",
      "LATP": "55",
      "SURV": "240000",
      "DIR": "A",
      "DIV": "1"
    },
    {
      "LONC": "28.7",
      "LATC": "55.5",
      "CITY": "Polotzk",
      "LONT": "26.7",
      "TEMP": "-30",
      "DAYS": "5",
      "MON": "Dec",
      "DAY": "6",
      "LONP": "29",
      "LATP": "55.1",
      "SURV": "210000",
      "DIR": "A",
      "DIV": "1"
    },
    {
      "LONC": "29.2",
      "LATC": "54.4",
      "CITY": "Bobr",
      "LONT": "25.3",
      "TEMP": "-26",
      "DAYS": "1",
      "MON": "Dec",
      "DAY": "7",
      "LONP": "30",
      "LATP": "55.2",
      "SURV": "180000",
      "DIR": "A",
      "DIV": "1"
    },
    {
      "LONC": "30.2",
      "LATC": "55.3",
      "CITY": "Witebsk",
      "LONP": "30.3",
      "LATP": "55.3",
      "SURV": "175000",
      "DIR": "A",
      "DIV": "1"
    },
    {
      "LONC": "30.4",
      "LATC": "54.5",
      "CITY": "Orscha",
      "LONP": "32",
      "LATP": "54.8",
      "SURV": "145000",
      "DIR": "A",
      "DIV": "1"
    },
    {
      "LONC": "30.4",
      "LATC": "53.9",
      "CITY": "Mohilow",
      "LONP": "33.2",
      "LATP": "54.9",
      "SURV": "140000",
      "DIR": "A",
      "DIV": "1"
    },
    {
      "LONC": "32",
      "LATC": "54.8",
      "CITY": "Smolensk",
      "LONP": "34.4",
      "LATP": "55.5",
      "SURV": "127100",
      "DIR": "A",
      "DIV": "1"
    },
    {
      "LONC": "33.2",
      "LATC": "54.9",
      "CITY": "Dorogobouge",
      "LONP": "35.5",
      "LATP": "55.4",
      "SURV": "100000",
      "DIR": "A",
      "DIV": "1"
    },
    {
      "LONC": "34.3",
      "LATC": "55.2",
      "CITY": "Wixma",
      "LONP": "36",
      "LATP": "55.5",
      "SURV": "100000",
      "DIR": "A",
      "DIV": "1"
    },
    {
      "LONC": "34.4",
      "LATC": "55.5",
      "CITY": "Chjat",
      "LONP": "37.6",
      "LATP": "55.8",
      "SURV": "100000",
      "DIR": "R",
      "DIV": "1"
    },
    {
      "LONC": "36",
      "LATC": "55.5",
      "CITY": "Mojaisk",
      "LONP": "37.5",
      "LATP": "55.7",
      "SURV": "98000",
      "DIR": "R",
      "DIV": "1"
    },
    {
      "LONC": "37.6",
      "LATC": "55.8",
      "CITY": "Moscou",
      "LONP": "37",
      "LATP": "55",
      "SURV": "97000",
      "DIR": "R",
      "DIV": "1"
    },
    {
      "LONC": "36.6",
      "LATC": "55.3",
      "CITY": "Tarantino",
      "LONP": "36.8",
      "LATP": "55",
      "SURV": "96000",
      "DIR": "R",
      "DIV": "1"
    },
    {
      "LONC": "36.5",
      "LATC": "55",
      "CITY": "Malo-jarosewli",
      "LONP": "35.4",
      "LATP": "55.3",
      "SURV": "87000",
      "DIR": "R",
      "DIV": "1"
    },
    {
      "LONP": "34.3",
      "LATP": "55.2",
      "SURV": "55000",
      "DIR": "R",
      "DIV": "1"
    },
    {
      "LONP": "33.3",
      "LATP": "54.8",
      "SURV": "37000",
      "DIR": "R",
      "DIV": "1"
    },
    {
      "LONP": "32",
      "LATP": "54.6",
      "SURV": "24000",
      "DIR": "R",
      "DIV": "1"
    },
    {
      "LONP": "30.4",
      "LATP": "54.4",
      "SURV": "20000",
      "DIR": "R",
      "DIV": "1"
    },
    {
      "LONP": "29.2",
      "LATP": "54.4",
      "SURV": "20000",
      "DIR": "R",
      "DIV": "1"
    },
    {
      "LONP": "28.5",
      "LATP": "54.3",
      "SURV": "20000",
      "DIR": "R",
      "DIV": "1"
    },
    {
      "LONP": "28.3",
      "LATP": "54.4",
      "SURV": "20000",
      "DIR": "R",
      "DIV": "1"
    },
    {
      "LONP": "24",
      "LATP": "55.1",
      "SURV": "60000",
      "DIR": "A",
      "DIV": "2"
    },
    {
      "LONP": "24.5",
      "LATP": "55.2",
      "SURV": "60000",
      "DIR": "A",
      "DIV": "2"
    },
    {
      "LONP": "25.5",
      "LATP": "54.7",
      "SURV": "60000",
      "DIR": "A",
      "DIV": "2"
    },
    {
      "LONP": "26.6",
      "LATP": "55.7",
      "SURV": "40000",
      "DIR": "A",
      "DIV": "2"
    },
    {
      "LONP": "27.4",
      "LATP": "55.6",
      "SURV": "33000",
      "DIR": "A",
      "DIV": "2"
    },
    {
      "LONP": "28.7",
      "LATP": "55.5",
      "SURV": "30000",
      "DIR": "R",
      "DIV": "2"
    },
    {
      "LONP": "29.2",
      "LATP": "54.3",
      "SURV": "30000",
      "DIR": "R",
      "DIV": "2"
    },
    {
      "LONP": "28.5",
      "LATP": "54.2",
      "SURV": "30000",
      "DIR": "R",
      "DIV": "2"
    },
    {
      "LONP": "28.3",
      "LATP": "54.3",
      "SURV": "28000",
      "DIR": "R",
      "DIV": "2"
    },
    {
      "LONP": "27.5",
      "LATP": "54.5",
      "SURV": "20000",
      "DIR": "R",
      "DIV": "2"
    },
    {
      "LONP": "26.8",
      "LATP": "54.3",
      "SURV": "12000",
      "DIR": "R",
      "DIV": "2"
    },
    {
      "LONP": "26.4",
      "LATP": "54.4",
      "SURV": "14000",
      "DIR": "R",
      "DIV": "2"
    },
    {
      "LONP": "24.6",
      "LATP": "54.5",
      "SURV": "8000",
      "DIR": "R",
      "DIV": "2"
    },
    {
      "LONP": "24.4",
      "LATP": "54.4",
      "SURV": "4000",
      "DIR": "R",
      "DIV": "2"
    },
    {
      "LONP": "24.2",
      "LATP": "54.4",
      "SURV": "4000",
      "DIR": "R",
      "DIV": "2"
    },
    {
      "LONP": "24.1",
      "LATP": "54.3",
      "SURV": "4000",
      "DIR": "R",
      "DIV": "2"
    },
    {
      "LONP": "24",
      "LATP": "55.2",
      "SURV": "22000",
      "DIR": "A",
      "DIV": "3"
    },
    {
      "LONP": "24.5",
      "LATP": "55.3",
      "SURV": "22000",
      "DIR": "A",
      "DIV": "3"
    },
    {
      "LONP": "24.6",
      "LATP": "55.8",
      "SURV": "6000",
      "DIR": "R",
      "DIV": "3"
    },
    {
      "LONP": "24.2",
      "LATP": "54.4",
      "SURV": "6000",
      "DIR": "R",
      "DIV": "3"
    },
    {
      "LONP": "24.1",
      "LATP": "54.3",
      "SURV": "6000",
      "DIR": "R",
      "DIV": "3"
    }
  ]
}